,movie_name,release_year,certificate,duration,rating,director,oscar_nominations,genre,countries,language,production_company,budget,gross_worldwide
0,The Polar Express,2004,U,1h 40m,6.6,Robert Zemeckis,3,"['Computer Animation', 'Holiday Animation', 'Holiday Comedy', 'Holiday Family', 'Adventure', 'Animation', 'Comedy', 'Family', 'Fantasy', 'Holiday']","['United States', 'Australia']",['English'],"['Castle Rock Entertainment', 'Shangri-La Entertainment', 'Playtone']","$165,000,000 (estimated)","$318,910,211"
1,A Few Good Men,1992,U,2h 18m,7.7,Rob Reiner,0,"['Legal Drama', 'Legal Thriller', 'Drama', 'Thriller']","['United States', 'Color']",[],[],"$41,000,000 (estimated)",Cuestión de honor
2,The Green Mile,1999,UA,3h 9m,8.6,Frank Darabont,4,"['Period Drama', 'Prison Drama', 'Supernatural Fantasy', 'Tragedy', 'Crime', 'Drama', 'Fantasy', 'Mystery']","['United States', 'Color']","['English', 'French']","['Castle Rock Entertainment', 'Darkwoods Productions', 'Warner Bros.']","$60,000,000 (estimated)","$286,801,374"
3,City Slickers,1991,PG-13,1h 53m,6.8,Ron Underwood,0,"['Buddy Comedy', 'Contemporary Western', 'High-Concept Comedy', 'Comedy', 'Western']","['United States', 'Color']",[],[],"$27,000,000 (estimated)",Cowboys de ciudad
4,Miss Congeniality,2000,A,1h 49m,6.3,Donald Petrie,0,"['High-Concept Comedy', 'Action', 'Comedy', 'Crime', 'Romance']","['United States', 'Color']","['English', 'Russian', 'Hawaiian']","['Castle Rock Entertainment', 'Village Roadshow Pictures', 'NPV Entertainment']","$45,000,000 (estimated)","$212,742,720"
5,In the Line of Fire,1993,UA,2h 8m,7.2,Wolfgang Petersen,3,"['Conspiracy Thriller', 'Political Thriller', 'Action', 'Crime', 'Drama', 'Thriller']","['United States', 'Color']",['English'],"['Columbia Pictures', 'Castle Rock Entertainment']","$40,000,000 (estimated)","$176,997,168"
6,The Bucket List,2007,U,1h 37m,7.4,Rob Reiner,0,"['Dark Comedy', 'Road Trip', 'Adventure', 'Comedy', 'Drama']","['United States', 'Color']",[],[],"$45,000,000 (estimated)",Antes de partir
7,Two Weeks Notice,2002,UA,1h 41m,6.2,Marc Lawrence,0,"['Feel-Good Romance', 'Romantic Comedy', 'Comedy', 'Romance']","['United States', 'Australia']",['English'],"['Castle Rock Entertainment', 'Village Roadshow Pictures', 'NPV Entertainment']","$60,000,000 (estimated)","$199,043,471"
8,When Harry Met Sally...,1989,UA,1h 35m,7.7,Rob Reiner,1,"['Feel-Good Romance', 'Romantic Comedy', 'Comedy', 'Drama', 'Romance']","['United States', 'Color']",['English'],"['Castle Rock Entertainment', 'Nelson Entertainment', 'Nelson Entertainment']","$16,000,000 (estimated)","$93,275,066"
9,Kangaroo Jack,2003,U,1h 29m,4.5,David McNally,0,"['Animal Adventure', 'Buddy Comedy', 'Gangster', 'Action', 'Adventure', 'Comedy', 'Crime', 'Family']","['United States', 'Australia']",['English'],"['Castle Rock Entertainment', 'Jerry Bruckheimer Films', 'Warner Bros.']","$60,000,000 (estimated)","$88,929,111"
10,Top Gun: Maverick,2022,UA,2h 10m,8.2,Joseph Kosinski,0,"['Action Epic', 'Epic', 'Action', 'Drama']","['United States', 'Color']",['English'],"['Paramount Pictures', 'Skydance Media', 'Jerry Bruckheimer Films']","$170,000,000 (estimated)","$1,495,696,292"
11,Titanic,1997,UA,3h 14m,7.9,James Cameron,0,"['Disaster', 'Epic', 'Period Drama', 'Romantic Epic', 'Tragedy', 'Tragic Romance', 'Drama', 'Romance']","['United States', 'Color']","['English', 'Swedish', 'Italian', 'French']","['Twentieth Century Fox', 'Paramount Pictures', 'Lightstorm Entertainment']","$200,000,000 (estimated)","$2,264,812,968"
12,Barbie,2023,UA,1h 54m,6.8,Greta Gerwig,0,"['High-Concept Comedy', 'Quirky Comedy', 'Satire', 'Adventure', 'Comedy', 'Fantasy']","['United States', 'United Kingdom']","['English', 'Spanish']","['Warner Bros.', 'Heyday Films', 'LuckyChap']","$100,000,000 (estimated)","$1,447,038,421"
13,The Avengers,2012,UA,2h 23m,8.0,Joss Whedon,0,"['Action Epic', 'Alien Invasion', 'Superhero', 'Action', 'Sci-Fi']","['United States', 'Color']","['English', 'Russian']","['Marvel Studios', 'Paramount Pictures']","$220,000,000 (estimated)","$1,520,538,536"
14,Iron Man Three,2013,UA,2h 10m,7.1,Shane Black,0,"['Superhero', 'Urban Adventure', 'Action', 'Adventure', 'Sci-Fi']","['United States', 'Color']",['English'],"['Marvel Studios', 'Paramount Pictures', 'DMG Entertainment']","$200,000,000 (estimated)","$1,266,152,644"
15,Transformers: Revenge of the Fallen,2009,UA,2h 29m,6.0,Michael Bay,1,"['Alien Invasion', 'Car Action', 'Desert Adventure', 'Action', 'Adventure', 'Sci-Fi']","['United States', 'Jordan']","['English', 'Spanish']","['Paramount Pictures', 'Dreamworks Pictures', 'Hasbro']","$200,000,000 (estimated)","$836,303,693"
16,The Jungle Book,2016,UA,1h 46m,7.3,Jon Favreau,0,"['Animal Adventure', 'Computer Animation', 'Jungle Adventure', 'Quest', 'Action', 'Adventure', 'Animation', 'Drama', 'Family', 'Fantasy']","['United Kingdom', 'United States']",['English'],"['Walt Disney Pictures', 'Fairview Entertainment', 'Moving Picture Company (MPC)']","$175,000,000 (estimated)","$967,724,775"
17,Transformers: Dark of the Moon,2011,UA,2h 34m,6.2,Michael Bay,3,"['Alien Invasion', 'Car Action', 'Space Sci-Fi', 'Action', 'Adventure', 'Sci-Fi']","['United States', 'Hong Kong']","['English', 'Russian']","['Paramount Pictures', 'Hasbro', 'Di Bonaventura Pictures']","$195,000,000 (estimated)","$1,123,794,079"
18,Spider-Man: Homecoming,2017,U,2h 13m,7.4,Jon Watts,0,"['Superhero', 'Urban Adventure', 'Action', 'Adventure', 'Sci-Fi']","['United States', 'Dolby Atmos']","['English', 'Spanish']","['Columbia Pictures', 'Marvel Studios', 'Pascal Pictures']","$175,000,000 (estimated)","$880,960,014"
19,Forrest Gump,1994,UA,2h 22m,8.8,Robert Zemeckis,0,"['Epic', 'Drama', 'Romance']","['United States', 'Color']",['English'],"['Paramount Pictures', 'The Steve Tisch Company', 'Wendy Finerman Productions']","$55,000,000 (estimated)","$678,226,465"
20,Titanic,1997,UA,3h 14m,7.9,James Cameron,0,"['Disaster', 'Epic', 'Period Drama', 'Romantic Epic', 'Tragedy', 'Tragic Romance', 'Drama', 'Romance']","['United States', 'Color']","['English', 'Swedish', 'Italian', 'French']","['Twentieth Century Fox', 'Paramount Pictures', 'Lightstorm Entertainment']","$200,000,000 (estimated)","$2,264,812,968"
21,Barbie,2023,UA,1h 54m,6.8,Greta Gerwig,0,"['High-Concept Comedy', 'Quirky Comedy', 'Satire', 'Adventure', 'Comedy', 'Fantasy']","['United States', 'United Kingdom']","['English', 'Spanish']","['Warner Bros.', 'Heyday Films', 'LuckyChap']","$100,000,000 (estimated)","$1,447,038,421"
22,The Dark Knight,2008,UA,2h 32m,9.0,Christopher Nolan,0,"['Action Epic', 'Epic', 'Superhero', 'Tragedy', 'Action', 'Crime', 'Drama', 'Thriller']","['United States', 'United Kingdom']","['English', 'Mandarin']","['Warner Bros.', 'Legendary Entertainment', 'Syncopy']","$185,000,000 (estimated)","$1,009,057,329"
23,Beauty and the Beast,2017,UA,2h 9m,7.1,Bill Condon,0,"['Dark Fantasy', 'Fairy Tale', 'Adventure', 'Family', 'Fantasy', 'Musical', 'Romance']","['United States', 'Color']",['English'],"['Walt Disney Pictures', 'Mandeville Films']","$160,000,000 (estimated)","$1,356,081,801"
24,The Dark Knight Rises,2012,UA,2h 44m,8.4,Christopher Nolan,0,"['Action Epic', 'Epic', 'Superhero', 'Action', 'Drama', 'Thriller']","['United States', 'United Kingdom']","['English', 'Arabic']","['Warner Bros.', 'Legendary Entertainment', 'DC Entertainment']","$250,000,000 (estimated)","$1,114,976,407"
25,Wonder Woman,2017,UA,2h 21m,7.3,Patty Jenkins,0,"['Superhero', 'Action', 'Adventure', 'Fantasy', 'Sci-Fi', 'War']","['United States', 'China']","['English', 'German', 'Dutch', 'Flemish', 'French', 'Spanish', 'Chinese', 'Greek, Ancient (to 1453)', 'North American Indian']","['Warner Bros.', 'Atlas Entertainment', 'Cruel & Unusual Films']","$149,000,000 (estimated)","$823,970,682"
26,Harry Potter and the Deathly Hallows: Part 2,2011,UA,2h 10m,8.1,David Yates,3,"['Dark Fantasy', 'Fantasy Epic', 'Teen Adventure', 'Teen Fantasy', 'Adventure', 'Family', 'Fantasy', 'Mystery']","['United Kingdom', 'United States']","['English', 'Latin']","['Warner Bros.', 'Heyday Films']","$125,000,000 (estimated)","$1,342,499,744"
27,The Batman,2022,UA,2h 56m,7.8,Matt Reeves,0,"['Action Epic', 'Epic', 'Serial Killer', 'Superhero', 'Action', 'Crime', 'Drama', 'Mystery', 'Thriller']","['United States', 'Color']","['English', 'Spanish', 'Latin', 'Italian']","['Warner Bros.', 'DC Entertainment', '6th & Idaho Productions']","$185,000,000 (estimated)","$772,319,315"
28,American Sniper,2014,A,2h 13m,7.3,Clint Eastwood,0,"['Docudrama', 'Action', 'Biography', 'Drama', 'War']","['United States', 'Color']","['English', 'Arabic']","['Warner Bros.', 'Village Roadshow Pictures', 'RatPac-Dune Entertainment']","$58,800,000 (estimated)","$547,659,020"
29,Joker,2019,A,2h 2m,8.3,Todd Phillips,0,"['Psychological Drama', 'Psychological Thriller', 'Tragedy', 'Crime', 'Drama', 'Thriller']","['United States', 'Canada']","['English', 'German']","['Warner Bros.', 'Village Roadshow Pictures', 'BRON Studios']","$55,000,000 (estimated)","$1,078,958,629"
30,Jurassic World,2015,UA,2h 4m,6.9,Colin Trevorrow,0,"['Dinosaur Adventure', 'Jungle Adventure', 'Action', 'Adventure', 'Sci-Fi']","['United States', 'Canada']",['English'],"['Universal Pictures', 'Amblin Entertainment', 'Legendary Entertainment']","$150,000,000 (estimated)","$1,671,537,444"
31,The Super Mario Bros. Movie,2023,U,1h 32m,7.0,Aaron Horvath,0,"['Action Epic', 'Adventure Epic', 'Computer Animation', 'Fantasy Epic', 'High-Concept Comedy', 'Quest', 'Slapstick', 'Adventure', 'Animation', 'Comedy']","['United States', 'Japan']",['English'],"['Universal Pictures', 'Nintendo', 'Illumination Entertainment']","$100,000,000 (estimated)","$1,360,847,665"
32,Wicked,2024,UA 13+,2h 40m,7.6,Jon M. Chu,0,"['Fairy Tale', 'Pop Musical', 'Fantasy', 'Musical', 'Romance']","['United States', 'Japan']",['English'],"['Universal Pictures', 'Marc Platt Productions', 'Moving Pictures (I)']","$150,000,000 (estimated)","$728,257,137"
33,Shrek 2,2004,U,1h 33m,7.4,Andrew Adamson,0,"['Computer Animation', 'Fairy Tale', 'Parody', 'Satire', 'Slapstick', 'Adventure', 'Animation', 'Comedy', 'Family', 'Fantasy']","['United States', 'DTS']",['English'],[],"$150,000,000 (estimated)","$932,530,034"
34,E.T. The Extra-Terrestrial,1982,U,1h 55m,7.9,Steven Spielberg,0,"['Coming-of-Age', 'Space Sci-Fi', 'Adventure', 'Family', 'Sci-Fi']","['United States', 'Color']",['English'],"['Universal Pictures', 'Amblin Entertainment']","$10,500,000 (estimated)","$797,307,407"
35,Jurassic World: Fallen Kingdom,2018,UA,2h 8m,6.1,J.A. Bayona,0,"['Dinosaur Adventure', 'Action', 'Adventure', 'Sci-Fi']","['United States', 'China']","['English', 'Russian']","['Universal Pictures', 'Amblin Entertainment', 'Legendary Entertainment']","$170,000,000 (estimated)","$1,310,469,037"
36,Jurassic Park,1993,UA,2h 7m,8.2,Steven Spielberg,0,"['Dinosaur Adventure', 'Jungle Adventure', 'Action', 'Adventure', 'Sci-Fi', 'Thriller']","['United States', 'Color']","['English', 'Spanish']","['Universal Pictures', 'Amblin Entertainment']","$63,000,000 (estimated)","$1,104,379,926"
37,Jurassic World: Dominion,2022,UA,2h 27m,5.6,Colin Trevorrow,0,"['Dinosaur Adventure', 'Globetrotting Adventure', 'Action', 'Adventure', 'Sci-Fi', 'Thriller']","['United States', 'China']","['English', 'Maltese', 'French']","['Universal Pictures', 'Amblin Entertainment', 'Perfect World Pictures']","$165,000,000 (estimated)","$1,001,978,080"
38,Minions 2: The Rise of Gru,2022,U,1h 27m,6.5,Kyle Balda,0,"['Computer Animation', 'Adventure', 'Animation', 'Comedy', 'Crime', 'Family', 'Sci-Fi']","['United States', 'France']","['English', 'Vietnamese']","['Universal Pictures', 'Illumination Entertainment']","$80,000,000 (estimated)","$940,482,695"
39,The Secret Life of Pets,2016,UA,1h 26m,6.5,Chris Renaud,0,"['Animal Adventure', 'Computer Animation', 'Urban Adventure', 'Adventure', 'Animation', 'Comedy', 'Family']","['United States', 'France']",['English'],"['Universal Pictures', 'Illumination Entertainment', 'Dentsu']","$75,000,000 (estimated)","$875,698,161"
40,The Lord of the Rings: The Return of the King,2003,U,3h 21m,9.0,Peter Jackson,0,"['Action Epic', 'Adventure Epic', 'Epic', 'Fantasy Epic', 'Mountain Adventure', 'Quest', 'Sword & Sorcery', 'Tragedy', 'Adventure', 'Drama']","['New Zealand', 'United States']","['English', 'Quenya', 'Old English', 'Sindarin']","['New Line Cinema', 'WingNut Films', 'The Saul Zaentz Company']","$94,000,000 (estimated)","$1,138,267,561"
41,The Lord of the Rings: The Two Towers,2002,UA,2h 59m,8.8,Peter Jackson,0,"['Action Epic', 'Adventure Epic', 'Dark Fantasy', 'Epic', 'Fantasy Epic', 'Quest', 'Sword & Sorcery', 'Adventure', 'Drama', 'Fantasy']","['New Zealand', 'United States']","['English', 'Sindarin', 'Old English']","['New Line Cinema', 'WingNut Films', 'The Saul Zaentz Company']","$94,000,000 (estimated)","$938,242,927"
42,It,2017,A,2h 15m,7.3,Andy Muschietti,0,"['Monster Horror', 'Supernatural Horror', 'Horror']","['United States', 'Canada']","['English', 'Hebrew']","['New Line Cinema', 'RatPac-Dune Entertainment', 'Vertigo Entertainment']","$35,000,000 (estimated)","$704,242,888"
43,The Lord of the Rings: The Fellowship of the Ring,2001,U,2h 58m,8.9,Peter Jackson,0,"['Action Epic', 'Adventure Epic', 'Dark Fantasy', 'Epic', 'Fantasy Epic', 'Quest', 'Sword & Sorcery', 'Adventure', 'Drama', 'Fantasy']","['New Zealand', 'United States']","['English', 'Sindarin']","['New Line Cinema', 'WingNut Films', 'Marzano Films']","$93,000,000 (estimated)","$888,171,906"
44,The Hobbit: An Unexpected Journey,2012,UA,2h 49m,7.8,Peter Jackson,0,"['Adventure Epic', 'Fantasy Epic', 'Mountain Adventure', 'Quest', 'Sword & Sorcery', 'Adventure', 'Fantasy']","['New Zealand', 'United States']",['English'],"['Metro-Goldwyn-Mayer (MGM)', 'New Line Cinema', 'WingNut Films']","$180,000,000 (estimated)","$1,017,107,150"
45,The Hobbit: The Desolation of Smaug,2013,UA,2h 41m,7.8,Peter Jackson,0,"['Adventure Epic', 'Fantasy Epic', 'Quest', 'Sword & Sorcery', 'Adventure', 'Fantasy']","['New Zealand', 'United States']",['English'],"['Metro-Goldwyn-Mayer (MGM)', 'New Line Cinema', 'WingNut Films']","$225,000,000 (estimated)","$959,079,095"
46,The Hobbit: The Battle of the Five Armies,2014,UA,2h 24m,7.4,Peter Jackson,0,"['Action Epic', 'Adventure Epic', 'Fantasy Epic', 'Mountain Adventure', 'Quest', 'Sword & Sorcery', 'Adventure', 'Fantasy']","['New Zealand', 'United States']",['English'],"['New Line Cinema', 'Metro-Goldwyn-Mayer (MGM)', 'WingNut Films']","$250,000,000 (estimated)","$962,253,946"
47,Damn,2001,UA,1h 30m,6.7,Brett Ratner,0,"['Buddy Cop', 'Martial Arts', 'Action', 'Comedy', 'Crime', 'Thriller']","['United States', 'Hong Kong']",[],[],"$90,000,000 (estimated)",Rush Hour 2
48,Austin Powers in Goldmember,2002,UA,1h 34m,6.2,Jay Roach,0,"['Parody', 'Slapstick', 'Action', 'Adventure', 'Comedy', 'Crime']","['United States', 'Color']","['English', 'Japanese', 'German', 'French']","['New Line Cinema', 'Gratitude International', 'Team Todd']","$63,000,000 (estimated)","$296,939,148"
49,It Chapter Two,2019,A,2h 49m,6.5,Andy Muschietti,0,"['Dark Fantasy', 'Monster Horror', 'Supernatural Horror', 'Drama', 'Fantasy', 'Horror']","['United States', 'Canada']","['English', 'North American Indian', 'Spanish']","['New Line Cinema', 'Double Dream', 'Vertigo Entertainment']","$79,000,000 (estimated)","$473,123,154"
50,The Lord of the Rings: The Return of the King,2003,U,3h 21m,9.0,Peter Jackson,0,"['Action Epic', 'Adventure Epic', 'Epic', 'Fantasy Epic', 'Mountain Adventure', 'Quest', 'Sword & Sorcery', 'Tragedy', 'Adventure', 'Drama']","['New Zealand', 'United States']","['English', 'Quenya', 'Old English', 'Sindarin']","['New Line Cinema', 'WingNut Films', 'The Saul Zaentz Company']","$94,000,000 (estimated)","$1,138,267,561"
51,The Lord of the Rings: The Two Towers,2002,UA,2h 59m,8.8,Peter Jackson,0,"['Action Epic', 'Adventure Epic', 'Dark Fantasy', 'Epic', 'Fantasy Epic', 'Quest', 'Sword & Sorcery', 'Adventure', 'Drama', 'Fantasy']","['New Zealand', 'United States']","['English', 'Sindarin', 'Old English']","['New Line Cinema', 'WingNut Films', 'The Saul Zaentz Company']","$94,000,000 (estimated)","$938,242,927"
52,The Lord of the Rings: The Fellowship of the Ring,2001,U,2h 58m,8.9,Peter Jackson,0,"['Action Epic', 'Adventure Epic', 'Dark Fantasy', 'Epic', 'Fantasy Epic', 'Quest', 'Sword & Sorcery', 'Adventure', 'Drama', 'Fantasy']","['New Zealand', 'United States']","['English', 'Sindarin']","['New Line Cinema', 'WingNut Films', 'Marzano Films']","$93,000,000 (estimated)","$888,171,906"
53,Ted,2012,A,1h 46m,6.9,Seth MacFarlane,0,"['Buddy Comedy', 'High-Concept Comedy', 'Raunchy Comedy', 'Satire', 'Slapstick', 'Comedy']","['United States', 'Color']","['English', 'Japanese', 'Ukrainian']","['Universal Pictures', 'Media Rights Capital (MRC)', 'Fuzzy Door Productions']","$50,000,000 (estimated)","$549,368,315"
54,Chicago,2002,A,1h 53m,7.2,Rob Marshall,0,"['True Crime', 'Comedy', 'Crime', 'Musical']","['United States', 'Germany']","['English', 'Hungarian']","['Miramax', 'Producers Circle', 'Storyline Entertainment']","$45,000,000 (estimated)","$306,777,366"
55,Halloween,2018,A,1h 46m,6.5,David Gordon Green,0,"['Serial Killer', 'Slasher Horror', 'Teen Horror', 'Crime', 'Drama', 'Horror', 'Thriller']","['United States', 'Color']",['English'],"['Blumhouse Productions', 'Miramax', 'Night Blade Holdings']","$10,000,000 (estimated)","$259,939,869"
56,Scary Movie,2000,15+,1h 28m,6.3,Keenen Ivory Wayans,0,"['Parody', 'Raunchy Comedy', 'Slapstick', 'Stoner Comedy', 'Teen Comedy', 'Comedy']","['United States', 'Color']",['English'],"['Dimension Films', 'Wayans Bros. Entertainment', 'Gold/Miller Productions']","$19,000,000 (estimated)","$278,019,771"
57,xXx,2002,UA,2h 4m,5.8,Rob Cohen,0,"['Action Epic', 'Globetrotting Adventure', 'Spy', 'Action', 'Adventure', 'Drama', 'Thriller']","['United States', 'Color']",[],[],"$70,000,000 (estimated)",Agent XXX
58,Good Will Hunting,1997,U,2h 6m,8.3,Gus Van Sant,0,"['Coming-of-Age', 'Psychological Drama', 'Drama', 'Romance']","['United States', 'Color']",['English'],"['Miramax', 'Lawrence Bender Productions', 'Be Gentlemen Limited Partnership']","$10,000,000 (estimated)","$225,933,435"
59,Fahrenheit 9/11,2004,A,2h 2m,7.5,Michael Moore,0,"['Dark Comedy', 'Military Documentary', 'Political Documentary', 'Documentary', 'Drama', 'War']","['United States', 'Color']",[],[],"$6,000,000 (estimated)",Fahrenheit 911
60,Ultimo Tango a Parigi,1972,A,2h 9m,6.8,Bernardo Bertolucci,0,"['Steamy Romance', 'Tragedy', 'Drama', 'Romance']","['Italy', 'France']",[],[],"$1,250,000 (estimated)",Ultimo tango a Parigi
61,"Il Buono, Il Brutto, Il Cattivo",1966,A,2h 41m,8.8,Sergio Leone,0,"['Adventure Epic', 'Dark Comedy', 'Desert Adventure', 'Epic', 'Period Drama', 'Quest', 'Spaghetti Western', 'Western Epic', 'Adventure', 'Drama']","['Italy', 'Spain']",[],[],"$1,200,000 (estimated)","The Good, the Bad and the Ugly"
62,Per qualche dollaro in più,1965,U,2h 12m,8.2,Sergio Leone,0,"['One-Person Army Action', 'Spaghetti Western', 'Drama', 'Western']","['Italy', 'Spain']",[],[],"$600,000 (estimated)",For a Few Dollars More
63,Fellini - Satyricon,1969,R,2h 9m,6.8,Federico Fellini,0,"['Dark Comedy', 'Drama', 'Fantasy']","['Italy', 'France']",[],[],"$3,000,000 (estimated)",Fellini Satyricon
64,Ginger e Fred,1986,PG-13,2h 7m,7.2,Federico Fellini,0,"['Satire', 'Comedy', 'Drama']","['Italy', 'France']",[],[],"$837,623",Ginger & Fred
65,Kiss Me Deadly,1955,Approved,1h 46m,7.5,Robert Aldrich,0,"['Film Noir', 'Crime', 'Drama', 'Mystery', 'Sci-Fi', 'Thriller']","['United States', 'Black and White']",[],[],"$410,000 (estimated)",Mickey Spillane's Kiss Me Deadly
66,Salò o le 120 giornate di Sodoma,1975,A,1h 57m,5.8,Pier Paolo Pasolini,0,"['Period Drama', 'Teen Drama', 'Tragedy', 'Drama']","['Italy', 'France']",[],[],"$1,808,595",Saló o los 120 días de Sodoma
67,I Racconti Di Canterbury,1972,NC-17,1h 51m,6.3,Pier Paolo Pasolini,0,"['Farce', 'Period Drama', 'Comedy', 'Drama', 'History']","['Italy', 'France']","['Italian', 'English', 'Latin', 'Gaelic']","['Produzioni Europee Associate (PEA)', 'Les Productions Artistes Associés']","$9,028",
68,1900,1976,A,5h 17m,7.6,Bernardo Bertolucci,0,"['Epic', 'Historical Epic', 'Drama', 'History']","['Italy', 'France']",[],[],"$9,000,000 (estimated)",Nineteen Hundred
69,Il Fiore Delle Mille E Una Notte,1974,NC-17,2h 10m,6.7,Pier Paolo Pasolini,0,"['Period Drama', 'Romantic Epic', 'Comedy', 'Drama', 'Fantasy', 'History', 'Romance']","['Italy', 'France']",[],[],$755,Arabian Nights
70,Star Wars: The Force Awakens,2015,U,2h 18m,7.8,J.J. Abrams,0,"['Action Epic', 'Adventure Epic', 'Globetrotting Adventure', 'Quest', 'Sci-Fi Epic', 'Space Sci-Fi', 'Action', 'Adventure', 'Sci-Fi']","['United States', 'United Kingdom']",['English'],"['Lucasfilm', 'Bad Robot']","$245,000,000 (estimated)","$2,071,310,218"
71,Spider-Man: No Way Home,2021,UA,2h 28m,8.2,Jon Watts,0,"['Superhero', 'Supernatural Fantasy', 'Urban Adventure', 'Action', 'Adventure', 'Fantasy', 'Sci-Fi']","['United States', 'Color']","['English', 'Tagalog']","['Columbia Pictures', 'Pascal Pictures', 'Marvel Studios']","$200,000,000 (estimated)","$1,952,732,181"
72,Star Wars: The Last Jedi,2017,UA,2h 32m,6.9,Rian Johnson,4,"['Action Epic', 'Adventure Epic', 'Fantasy Epic', 'Sci-Fi Epic', 'Space Sci-Fi', 'Action', 'Adventure', 'Fantasy', 'Sci-Fi']","['United States', 'Color']",['English'],"['Lucasfilm', 'Ram Bergman Productions', 'Bad Robot']","$317,000,000 (estimated)","$1,334,407,706"
73,Rogue One,2016,UA,2h 13m,7.8,Gareth Edwards,0,"['Action Epic', 'Adventure Epic', 'Sci-Fi Epic', 'Space Sci-Fi', 'Tragedy', 'Action', 'Adventure', 'Sci-Fi']","['United States', 'Color']",['English'],"['Lucasfilm', 'Allison Shearmur Productions']","$200,000,000 (estimated)","$1,058,684,742"
74,Star Wars: Episode IX - The Rise of Skywalker,2019,UA,2h 21m,6.4,J.J. Abrams,0,"['Action Epic', 'Adventure Epic', 'Dark Fantasy', 'Fantasy Epic', 'Sci-Fi Epic', 'Space Sci-Fi', 'Action', 'Adventure', 'Fantasy', 'Sci-Fi']","['United States', 'United Kingdom']",['English'],"['Lucasfilm', 'Bad Robot', 'British Film Commission']","$275,000,000 (estimated)","$1,077,022,372"
75,Star Wars: Episode I - The Phantom Menace,1999,UA,2h 16m,6.5,George Lucas,3,"['Action Epic', 'Adventure Epic', 'Fantasy Epic', 'Quest', 'Sci-Fi Epic', 'Space Sci-Fi', 'Action', 'Adventure', 'Fantasy', 'Sci-Fi']","['United States', 'United Kingdom']","['English', 'Sanskrit']",['Lucasfilm'],"$115,000,000 (estimated)","$1,046,515,409"
76,Star Wars: Episode IV - A New Hope,1977,U,2h 1m,8.6,George Lucas,0,"['Action Epic', 'Adventure Epic', 'Epic', 'Fantasy Epic', 'Quest', 'Sci-Fi Epic', 'Space Sci-Fi', 'Sword & Sorcery', 'Action', 'Adventure']","['United States', 'Color']",['English'],"['Lucasfilm', 'Twentieth Century Fox']","$11,000,000 (estimated)","$775,398,507"
77,Toy Story 4,2019,U,1h 40m,7.6,Josh Cooley,0,"['Computer Animation', 'Road Trip', 'Supernatural Fantasy', 'Urban Adventure', 'Adventure', 'Animation', 'Comedy', 'Family', 'Fantasy']","['United States', 'Color']",['English'],"['Walt Disney Pictures', 'Pixar Animation Studios']","$200,000,000 (estimated)","$1,073,841,394"
78,Spider-Man: Far from Home,2019,U,2h 9m,7.4,Jon Watts,0,"['Superhero', 'Supernatural Fantasy', 'Teen Comedy', 'Urban Adventure', 'Action', 'Adventure', 'Comedy', 'Fantasy', 'Sci-Fi']","['United States', 'Czech Republic']","['English', 'Italian', 'Czech']","['Columbia Pictures', 'Pascal Pictures', 'Marvel Studios']","$160,000,000 (estimated)","$1,132,705,055"
79,Star Wars: Episode III - Revenge of the Sith,2005,U,2h 20m,7.6,George Lucas,1,"['Action Epic', 'Adventure Epic', 'Dark Fantasy', 'Epic', 'Fantasy Epic', 'Sci-Fi Epic', 'Space Sci-Fi', 'Tragedy', 'Action', 'Adventure']","['United States', 'Italy']",['English'],"['Lucasfilm', 'Mestiere Cinema', 'Pandora Films']","$113,000,000 (estimated)","$850,035,635"
80,Godzilla,2014,UA,2h 3m,6.4,Gareth Edwards,0,"['Dinosaur Adventure', 'Disaster', 'Kaiju', 'Urban Adventure', 'Action', 'Adventure', 'Sci-Fi', 'Thriller']","['United States', 'Japan']","['English', 'Japanese']","['Warner Bros.', 'Legendary Entertainment', 'Disruption Entertainment']","$160,000,000 (estimated)","$524,978,362"
81,Godzilla X Kong: The New Empire,2024,PG-13,1h 55m,6.1,Adam Wingard,0,"['Action Epic', 'Dinosaur Adventure', 'Disaster', 'Globetrotting Adventure', 'Kaiju', 'Supernatural Fantasy', 'Action', 'Adventure', 'Fantasy', 'Sci-Fi']","['United States', 'Australia']",['English'],"['Legendary Entertainment', 'Screen Queensland', 'Warner Bros.']","$135,000,000 (estimated)","$571,850,016"
82,Kong: Skull Island,2017,UA,1h 58m,6.7,Jordan Vogt-Roberts,0,"['Jungle Adventure', 'Kaiju', 'Supernatural Fantasy', 'Survival', 'Action', 'Adventure', 'Fantasy', 'Sci-Fi']","['United States', 'China']","['English', 'Vietnamese', 'Japanese']","['Warner Bros.', 'Legendary Entertainment', 'Tencent Pictures']","$185,000,000 (estimated)","$568,652,812"
83,One Hundred and One Dalmatians,1961,U,1h 19m,7.3,Clyde Geronimi,0,"['Animal Adventure', 'Hand-Drawn Animation', 'Quest', 'Slapstick', 'Adventure', 'Animation', 'Comedy', 'Family']","['United States', 'Color']",['English'],"['Walt Disney Animation Studios', 'Walt Disney Productions']","$4,000,000 (estimated)","$215,880,014"
84,Pokémon: Detective Pikachu,2019,UA,1h 44m,6.5,Rob Letterman,0,"['Buddy Comedy', 'Adventure', 'Comedy', 'Family', 'Mystery', 'Sci-Fi']","['United States', 'Japan']","['English', 'Japanese']","['Warner Bros.', 'Legendary Entertainment', 'The Pokemon Company']","$150,000,000 (estimated)","$450,063,166"
85,Rush Hour,1998,UA,1h 38m,7.0,Brett Ratner,0,"['Buddy Cop', 'Martial Arts', 'Action', 'Comedy', 'Crime', 'Thriller']","['United States', 'Color']","['English', 'Cantonese', 'Mandarin', 'Japanese', 'Chinese']","['New Line Cinema', 'Roger Birnbaum Productions']","$33,000,000 (estimated)","$244,721,064"
86,Bad Boys II,2003,UA,2h 27m,6.6,Michael Bay,0,"['Buddy Cop', 'Cop Drama', 'Action', 'Comedy', 'Crime', 'Thriller']","['United States', 'Color']","['English', 'Spanish', 'Russian']","['Columbia Pictures', 'Don Simpson/Jerry Bruckheimer Films']","$130,000,000 (estimated)","$273,340,010"
87,Ready Player One,2018,UA,2h 20m,7.4,Steven Spielberg,0,"['Cyberpunk', 'Dystopian Sci-Fi', 'Quest', 'Teen Adventure', 'Action', 'Adventure', 'Sci-Fi']","['United States', 'India']","['English', 'Japanese']","['Warner Bros.', 'Amblin Entertainment', 'Village Roadshow Pictures']","$175,000,000 (estimated)","$607,874,422"
88,Godzilla,1998,UA,2h 19m,5.5,Roland Emmerich,0,"['Dinosaur Adventure', 'Disaster', 'Kaiju', 'Action', 'Sci-Fi', 'Thriller']","['United States', 'Japan']",[],[],"$130,000,000 (estimated)",गॉडज़िला
89,Lara Croft: Tomb Raider,2001,U,1h 40m,5.8,Simon West,0,"['Globetrotting Adventure', 'Jungle Adventure', 'Action', 'Adventure', 'Fantasy', 'Thriller']","['United States', 'United Kingdom']","['English', 'Central Khmer', 'Russian', 'Italian']","['Paramount Pictures', 'Mutual Film Company', 'BBC Film']","$115,000,000 (estimated)","$274,703,340"
90,Shrek 2,2004,U,1h 33m,7.4,Andrew Adamson,0,"['Computer Animation', 'Fairy Tale', 'Parody', 'Satire', 'Slapstick', 'Adventure', 'Animation', 'Comedy', 'Family', 'Fantasy']","['United States', 'DTS']",['English'],[],"$150,000,000 (estimated)","$932,530,034"
91,Transformers: Revenge of the Fallen,2009,UA,2h 29m,6.0,Michael Bay,1,"['Alien Invasion', 'Car Action', 'Desert Adventure', 'Action', 'Adventure', 'Sci-Fi']","['United States', 'Jordan']","['English', 'Spanish']","['Paramount Pictures', 'Dreamworks Pictures', 'Hasbro']","$200,000,000 (estimated)","$836,303,693"
92,Transformers,2007,UA,2h 24m,7.1,Michael Bay,0,"['Action Epic', 'Alien Invasion', 'Sci-Fi Epic', 'Action', 'Adventure', 'Sci-Fi']","['United States', 'Color']","['English', 'Spanish']","['Paramount Pictures', 'Dreamworks Pictures', 'Hasbro']","$150,000,000 (estimated)","$709,709,780"
93,Meet the Fockers,2004,A,1h 55m,6.3,Jay Roach,0,"['Romantic Comedy', 'Slapstick', 'Comedy', 'Romance']","['United States', 'Color']","['English', 'Spanish', 'Hebrew']","['Universal Pictures', 'Dreamworks Pictures', 'Tribeca Productions']","$80,000,000 (estimated)","$522,657,936"
94,Shrek,2001,U,1h 30m,7.9,Andrew Adamson,0,"['Buddy Comedy', 'Computer Animation', 'Fairy Tale', 'Feel-Good Romance', 'Parody', 'Quest', 'Satire', 'Slapstick', 'Swashbuckler', 'Adventure']","['United States', 'Dolby Digital']",['English'],"['Dreamworks Pictures', 'DreamWorks Animation', 'Pacific Data Images (PDI)']","$60,000,000 (estimated)","$488,977,919"
95,Planetary War,2005,UA,1h 57m,6.5,Steven Spielberg,3,"['Action Epic', 'Adventure Epic', 'Alien Invasion', 'Disaster', 'Sci-Fi Epic', 'Urban Adventure', 'Action', 'Adventure', 'Sci-Fi']","['United States', 'Color']",['English'],"['Paramount Pictures', 'Dreamworks Pictures', 'Amblin Entertainment']","$132,000,000 (estimated)","$603,873,504"
96,Cast Away,2000,UA,2h 23m,7.8,Robert Zemeckis,2,"['Survival', 'Adventure', 'Drama', 'Romance']","['United States', 'Color']",[],[],"$90,000,000 (estimated)",कास्ट अवे
97,Saving Private Ryan,1998,A,2h 49m,8.6,Steven Spielberg,0,"['Epic', 'Period Drama', 'War Epic', 'Drama', 'War']","['United States', 'Color']","['English', 'French', 'German', 'Czech']","['Dreamworks Pictures', 'Paramount Pictures', 'Amblin Entertainment']","$70,000,000 (estimated)","$482,352,390"
98,Gladiator,2000,UA,2h 35m,8.5,Ridley Scott,0,"['Action Epic', 'Adventure Epic', 'Epic', 'Period Drama', 'Sword & Sandal', 'Action', 'Adventure', 'Drama']","['United States', 'United Kingdom']",['English'],"['Dreamworks Pictures', 'Universal Pictures', 'Scott Free Productions']","$103,000,000 (estimated)","$465,516,248"
99,Lincoln,2012,U,2h 30m,7.3,Steven Spielberg,0,"['Docudrama', 'Period Drama', 'Political Drama', 'Biography', 'Drama', 'History', 'War']","['United States', 'India']",['English'],"['Dreamworks Pictures', 'Twentieth Century Fox', 'Reliance Entertainment']","$65,000,000 (estimated)","$275,293,450"
100,Avengers: Age of Ultron,2015,UA,2h 21m,7.3,Joss Whedon,0,"['Artificial Intelligence', 'Superhero', 'Urban Adventure', 'Action', 'Adventure', 'Sci-Fi']","['United States', 'Color']","['English', 'Korean']",['Marvel Studios'],"$250,000,000 (estimated)","$1,405,018,048"
101,The Boy and the Heron,2023,UA,2h 4m,7.4,Hayao Miyazaki,0,"['Anime', 'Fantasy Epic', 'Hand-Drawn Animation', 'Isekai', 'Adventure', 'Animation', 'Drama', 'Fantasy']","['Japan', 'Color']",['Japanese'],[],"$46,832,867",1.85 : 1
102,Recess: School's Out,2001,G,1h 22m,6.5,Chuck Sheetz,0,"['Adventure', 'Animation', 'Comedy', 'Family']","['United States', 'South Korea']",['English'],[],"$23,000,000 (estimated)","$44,460,850"
103,Karigurashi No Arietty,2010,U,1h 34m,7.6,Hiromasa Yonebayashi,0,"['Anime', 'Iyashikei', 'Adventure', 'Animation', 'Drama', 'Family', 'Fantasy']","['Japan', 'Color']",['Japanese'],[],"$23,000,000 (estimated)","$149,692,197"
104,Ponyo,2008,U,1h 41m,7.6,Hayao Miyazaki,0,"['Anime', 'Iyashikei', 'Quest', 'Sea Adventure', 'Adventure', 'Animation', 'Comedy', 'Family', 'Fantasy']","['Japan', 'Color']","['Japanese', 'English']",[],"$34,000,000 (estimated)","$206,072,776"
105,Spirited Away,2001,U,2h 4m,8.6,Hayao Miyazaki,0,"['Anime', 'Coming-of-Age', 'Fairy Tale', 'Hand-Drawn Animation', 'Quest', 'Supernatural Fantasy', 'Adventure', 'Animation', 'Family', 'Fantasy']","['Japan', 'United States']","['Japanese', 'English']",[],"$19,000,000 (estimated)","$358,669,824"
106,Howl's Moving Castle,2004,U,1h 59m,8.2,Hayao Miyazaki,1,"['Adventure Epic', 'Anime', 'Hand-Drawn Animation', 'Supernatural Fantasy', 'Adventure', 'Animation', 'Family', 'Fantasy']","['Japan', 'United States']",['Japanese'],[],"$24,000,000 (estimated)","$240,898,313"
107,Les triplettes de Belleville,2003,PG-13,1h 20m,7.7,Sylvain Chomet,2,"['Satire', 'Adventure', 'Animation', 'Comedy', 'Drama', 'Music', 'Sport']","['France', 'Belgium']","['French', 'Portuguese']",[],"$9,500,000 (estimated)","$14,776,775"
108,Kaze Tachinu,2013,Not Rated,2h 6m,7.8,Hayao Miyazaki,0,"['Adult Animation', 'Anime', 'Hand-Drawn Animation', 'Period Drama', 'Slice of Life', 'Tragedy', 'Tragic Romance', 'Workplace Drama', 'Animation', 'Biography']","['Japan', 'Color']","['Japanese', 'German', 'Italian', 'French']",[],"$30,000,000 (estimated)","$137,050,768"
109,Mononoke-hime,1997,U,2h 13m,8.3,Hayao Miyazaki,0,"['Action Epic', 'Adult Animation', 'Adventure Epic', 'Anime', 'Dark Fantasy', 'Fantasy Epic', 'Hand-Drawn Animation', 'Quest', 'Adventure', 'Animation']","['Japan', 'Color']",['Japanese'],[],"¥2,400,000,000 (estimated)","$170,515,868"
110,Shrek 2,2004,U,1h 33m,7.4,Andrew Adamson,0,"['Computer Animation', 'Fairy Tale', 'Parody', 'Satire', 'Slapstick', 'Adventure', 'Animation', 'Comedy', 'Family', 'Fantasy']","['United States', 'DTS']",['English'],[],"$150,000,000 (estimated)","$932,530,034"
111,Transformers: Dark of the Moon,2011,UA,2h 34m,6.2,Michael Bay,3,"['Alien Invasion', 'Car Action', 'Space Sci-Fi', 'Action', 'Adventure', 'Sci-Fi']","['United States', 'Hong Kong']","['English', 'Russian']","['Paramount Pictures', 'Hasbro', 'Di Bonaventura Pictures']","$195,000,000 (estimated)","$1,123,794,079"
112,Shrek the Third,2007,U,1h 33m,6.1,Chris Miller,0,"['Computer Animation', 'Fairy Tale', 'Parody', 'Slapstick', 'Adventure', 'Animation', 'Comedy', 'Family', 'Fantasy', 'Romance']","['United States', 'Color']",['English'],[],"$160,000,000 (estimated)","$808,308,862"
113,Transformers,2007,UA,2h 24m,7.1,Michael Bay,0,"['Action Epic', 'Alien Invasion', 'Sci-Fi Epic', 'Action', 'Adventure', 'Sci-Fi']","['United States', 'Color']","['English', 'Spanish']","['Paramount Pictures', 'Dreamworks Pictures', 'Hasbro']","$150,000,000 (estimated)","$709,709,780"
114,Iron Man,2008,UA,2h 6m,7.9,Jon Favreau,0,"['Sci-Fi Epic', 'Superhero', 'Action', 'Adventure', 'Sci-Fi']","['United States', 'Canada']","['English', 'Persian', 'Urdu', 'Arabic', 'Kurdish', 'Hindi', 'Hungarian']","['Paramount Pictures', 'Marvel Entertainment', 'Marvel Studios']","$140,000,000 (estimated)","$585,796,247"
115,Iron Man 2,2010,UA,2h 4m,6.9,Jon Favreau,0,"['Sci-Fi Epic', 'Superhero', 'Action', 'Sci-Fi']","['United States', 'Color']","['English', 'French', 'Russian']","['Paramount Pictures', 'Marvel Entertainment', 'Marvel Studios']","$200,000,000 (estimated)","$623,933,331"
116,Shrek,2001,U,1h 30m,7.9,Andrew Adamson,0,"['Buddy Comedy', 'Computer Animation', 'Fairy Tale', 'Feel-Good Romance', 'Parody', 'Quest', 'Satire', 'Slapstick', 'Swashbuckler', 'Adventure']","['United States', 'Dolby Digital']",['English'],"['Dreamworks Pictures', 'DreamWorks Animation', 'Pacific Data Images (PDI)']","$60,000,000 (estimated)","$488,977,919"
117,Cast Away,2000,UA,2h 23m,7.8,Robert Zemeckis,2,"['Survival', 'Adventure', 'Drama', 'Romance']","['United States', 'Color']",[],[],"$90,000,000 (estimated)",कास्ट अवे
118,How to Train Your Dragon,2010,U,1h 38m,8.1,Dean DeBlois,0,"['Computer Animation', 'Sword & Sorcery', 'Teen Fantasy', 'Action', 'Adventure', 'Animation', 'Family', 'Fantasy']","['United States', 'France']",['English'],[],"$165,000,000 (estimated)","$494,879,860"
119,Madagascar 3: Europe's Most Wanted,2012,U,1h 35m,6.8,Eric Darnell,0,"['Animal Adventure', 'Computer Animation', 'Urban Adventure', 'Adventure', 'Animation', 'Comedy', 'Family']","['United States', 'India']","['English', 'Spanish']","['DreamWorks Animation', 'Pacific Data Images (PDI)']","$145,000,000 (estimated)","$746,921,274"
120,Inside Out 2,2024,Not Rated,1h 36m,7.5,Kelsey Mann,0,"['Coming-of-Age', 'Computer Animation', 'Quest', 'Teen Comedy', 'Teen Drama', 'Adventure', 'Animation', 'Comedy', 'Drama', 'Family']","['United States', 'Color']","['English', 'French', 'Spanish']","['Walt Disney Pictures', 'Pixar Animation Studios', 'Hurwitz Creative']","$200,000,000 (estimated)","$1,698,863,816"
121,Incredibles 2,2018,UA,1h 58m,7.5,Brad Bird,1,"['Computer Animation', 'Superhero', 'Urban Adventure', 'Action', 'Adventure', 'Animation', 'Comedy', 'Family', 'Fantasy', 'Sci-Fi']","['United States', 'Japan']",['English'],"['Walt Disney Pictures', 'Pixar Animation Studios']","$200,000,000 (estimated)","$1,243,225,667"
122,The Lion King,2019,U,1h 58m,6.8,Jon Favreau,0,"['Adventure Epic', 'Animal Adventure', 'Coming-of-Age', 'Computer Animation', 'Adventure', 'Animation', 'Drama', 'Family', 'Fantasy', 'Musical']","['United States', 'United Kingdom']","['English', 'Spanish']","['Walt Disney Pictures', 'Fairview Entertainment', 'Walt Disney Studios']","$260,000,000 (estimated)","$1,662,020,819"
123,Beauty and the Beast,2017,UA,2h 9m,7.1,Bill Condon,0,"['Dark Fantasy', 'Fairy Tale', 'Adventure', 'Family', 'Fantasy', 'Musical', 'Romance']","['United States', 'Color']",['English'],"['Walt Disney Pictures', 'Mandeville Films']","$160,000,000 (estimated)","$1,356,081,801"
124,Finding Dory,2016,U,1h 37m,7.2,Andrew Stanton,0,"['Animal Adventure', 'Computer Animation', 'Sea Adventure', 'Adventure', 'Animation', 'Comedy', 'Family', 'Fantasy']","['United States', 'Color']","['English', 'Indonesian']","['Pixar Animation Studios', 'Walt Disney Pictures']","$200,000,000 (estimated)","$1,029,266,989"
125,Frozen 2,2019,U,1h 43m,6.8,Chris Buck,0,"['Computer Animation', 'Fairy Tale', 'Quest', 'Adventure', 'Animation', 'Comedy', 'Drama', 'Family', 'Fantasy', 'Musical']","['Japan', 'United States']",['English'],"['Walt Disney Animation Studios', 'Walt Disney Pictures']","$150,000,000 (estimated)","$1,453,683,476"
126,Moana 2,2024,PG,1h 40m,6.8,David G. Derrick Jr.,0,"['Computer Animation', 'Sea Adventure', 'Adventure', 'Animation', 'Comedy', 'Family', 'Fantasy', 'Musical']","['United States', 'Canada']",['English'],"['Walt Disney Animation Canada', 'Walt Disney Animation Studios', 'Walt Disney Pictures']","$150,000,000 (estimated)","$1,053,578,188"
127,Toy Story 4,2019,U,1h 40m,7.6,Josh Cooley,0,"['Computer Animation', 'Road Trip', 'Supernatural Fantasy', 'Urban Adventure', 'Adventure', 'Animation', 'Comedy', 'Family', 'Fantasy']","['United States', 'Color']",['English'],"['Walt Disney Pictures', 'Pixar Animation Studios']","$200,000,000 (estimated)","$1,073,841,394"
128,The Lion King,1994,U,1h 28m,8.5,Roger Allers,0,"['Animal Adventure', 'Coming-of-Age', 'Hand-Drawn Animation', 'Jungle Adventure', 'Adventure', 'Animation', 'Drama', 'Family', 'Fantasy', 'Musical']","['United States', 'Color']","['English', 'Swahili', 'Xhosa', 'Zulu']","['Walt Disney Pictures', 'Walt Disney Animation Studios', 'Walt Disney Feature Animation']","$45,000,000 (estimated)","$979,161,373"
129,Pirates of the Caribbean: Dead Man's Chest,2006,12+,2h 31m,7.4,Gore Verbinski,0,"['Adventure Epic', 'Sea Adventure', 'Swashbuckler', 'Action', 'Adventure', 'Fantasy']","['United States', 'Color']","['English', 'Turkish', 'Greek', 'Mandarin', 'French']","['Walt Disney Pictures', 'Jerry Bruckheimer Films', 'Second Mate Productions']","$225,000,000 (estimated)","$1,066,179,747"
130,Signs,2002,UA,1h 46m,6.8,M. Night Shyamalan,0,"['Alien Invasion', 'Drama', 'Mystery', 'Sci-Fi', 'Thriller']","['United States', 'Color']","['English', 'Portuguese']","['Touchstone Pictures', 'Blinding Edge Pictures', 'The Kennedy/Marshall Company']","$72,000,000 (estimated)","$408,247,917"
131,Armageddon,1998,UA,2h 31m,6.7,Michael Bay,0,"['Disaster', 'Space Sci-Fi', 'Action', 'Adventure', 'Sci-Fi', 'Thriller']","['United States', 'Color']",[],[],"$140,000,000 (estimated)",आर्मागेडन
132,Pearl Harbor,2001,UA,3h 3m,6.2,Michael Bay,0,"['Epic', 'Period Drama', 'Romantic Epic', 'Tragedy', 'War Epic', 'Action', 'Drama', 'Romance', 'War']","['United States', 'Color']","['English', 'Japanese', 'French', 'Latin', 'Chinese']","['Touchstone Pictures', 'Jerry Bruckheimer Films']","$140,000,000 (estimated)","$449,220,945"
133,Lincoln,2012,U,2h 30m,7.3,Steven Spielberg,0,"['Docudrama', 'Period Drama', 'Political Drama', 'Biography', 'Drama', 'History', 'War']","['United States', 'India']",['English'],"['Dreamworks Pictures', 'Twentieth Century Fox', 'Reliance Entertainment']","$65,000,000 (estimated)","$275,293,450"
134,Pretty Woman,1990,A,1h 59m,7.1,Garry Marshall,1,"['Feel-Good Romance', 'Comedy', 'Romance']","['United States', 'Color']",[],[],"$14,000,000 (estimated)",प्रिटी वुमेन
135,Air Force One,1997,UA,2h 4m,6.5,Wolfgang Petersen,2,"['One-Person Army Action', 'Political Thriller', 'Action', 'Crime', 'Drama', 'Thriller']","['United States', 'Color']","['English', 'Russian']","['Columbia Pictures', 'Beacon Communications', 'Beacon Pictures']","$85,000,000 (estimated)","$315,156,409"
136,The Help,2011,UA,2h 26m,8.1,Tate Taylor,0,"['Period Drama', 'Drama']","['United States', 'India']",['English'],"['DreamWorks', 'Dreamworks Pictures', 'Reliance Film & Entertainment']","$25,000,000 (estimated)","$221,802,186"
137,Wild Hogs,2007,PG-13,1h 40m,5.9,Walt Becker,0,"['Road Trip', 'Slapstick', 'Action', 'Adventure', 'Comedy']","['United States', 'Color']",[],[],"$168,273,550",Rebeldes con causa
138,3 Men and a Baby,1987,U,1h 42m,6.1,Leonard Nimoy,0,"['Comedy', 'Drama', 'Family']","['United States', 'Color']",[],[],"$11,000,000 (estimated)",Tres hombres y un bebé
139,The Proposal,2009,A,1h 48m,6.8,Anne Fletcher,0,"['Feel-Good Romance', 'Romantic Comedy', 'Comedy', 'Drama', 'Romance']","['United States', 'Color']",[],[],"$40,000,000 (estimated)",La propuesta
140,Modern Times,1936,G,1h 27m,8.5,Charles Chaplin,0,"['Romantic Comedy', 'Satire', 'Slapstick', 'Comedy', 'Drama', 'Romance']","['United States', 'Black and White']",['English'],['Charles Chaplin Productions'],"$1,500,000 (estimated)","$463,618"
141,Monsieur Verdoux,1947,Approved,2h 4m,7.8,Charles Chaplin,1,"['Dark Comedy', 'Serial Killer', 'Comedy', 'Crime', 'Drama']","['United States', 'Black and White']","['English', 'French', 'Latin']",['Charles Chaplin Productions'],"$2,000,000 (estimated)",
142,City Lights,1931,G,1h 27m,8.5,Charles Chaplin,0,"['Feel-Good Romance', 'Romantic Comedy', 'Satire', 'Slapstick', 'Comedy', 'Drama', 'Romance']","['United States', 'Black and White']","['None', 'English']",['Charles Chaplin Productions'],"$1,500,000 (estimated)","$55,154"
143,The Great Dictator,1940,G,2h 5m,8.4,Charles Chaplin,5,"['Parody', 'Satire', 'Slapstick', 'Comedy', 'Drama', 'War']","['United States', 'Black and White']","['English', 'Esperanto', 'Latin']",['Charles Chaplin Productions'],"$2,000,000 (estimated)",
144,The Circus,1928,G,1h 12m,8.1,Charles Chaplin,0,"['Slapstick', 'Comedy', 'Family', 'Romance']","['United States', 'Black and White']","['None', 'English']",['Charles Chaplin Productions'],"$900,000 (estimated)",1.33 : 1
145,The Kid,1921,Passed,1h 8m,8.2,Charles Chaplin,0,"['Buddy Comedy', 'Slapstick', 'Comedy', 'Drama', 'Family']","['United States', 'Silent']","['None', 'English']",['Charles Chaplin Productions'],"$250,000 (estimated)",
146,The Gold Rush,1925,Approved,1h 35m,8.1,Charles Chaplin,2,"['Farce', 'Feel-Good Romance', 'Romantic Comedy', 'Slapstick', 'Adventure', 'Comedy', 'Drama', 'Romance', 'Western']","['United States', 'Black and White']","['None', 'English']",['Charles Chaplin Productions'],"$923,000 (estimated)",1.33 : 1
147,Limelight,1952,G,2h 17m,8.0,Charles Chaplin,0,"['Drama', 'Music', 'Romance']","['United States', 'Black and White']",['English'],['Charles Chaplin Productions'],"$9,291",
148,A Woman of Paris: A Drama of Fate,1923,Passed,1h 22m,6.9,Charles Chaplin,0,"['Drama', 'Romance']","['United States', 'Silent']",['English'],['Charles Chaplin Productions'],"$351,000 (estimated)",
149,Pay Day,1922,TV-G,21m,7.4,Charles Chaplin,0,"['Slapstick', 'Comedy', 'Short']","['United States', 'Black and White']","['None', 'English']",['Charles Chaplin Productions'],"$129,550",1.33 : 1
150,The Lord of the Rings: The Two Towers,2002,UA,2h 59m,8.8,Peter Jackson,0,"['Action Epic', 'Adventure Epic', 'Dark Fantasy', 'Epic', 'Fantasy Epic', 'Quest', 'Sword & Sorcery', 'Adventure', 'Drama', 'Fantasy']","['New Zealand', 'United States']","['English', 'Sindarin', 'Old English']","['New Line Cinema', 'WingNut Films', 'The Saul Zaentz Company']","$94,000,000 (estimated)","$938,242,927"
151,The Blair Witch Project,1999,UA,1h 21m,6.5,Daniel Myrick,0,"['B-Horror', 'Folk Horror', 'Found Footage Horror', 'Psychological Horror', 'Supernatural Horror', 'Tragedy', 'Witch Horror', 'Horror', 'Mystery']","['United States', 'Color']",['English'],['Haxan Films'],"$60,000 (estimated)","$248,639,099"
152,The Last Samurai,2003,R,2h 34m,7.8,Edward Zwick,0,"['Action Epic', 'Period Drama', 'Samurai', 'Sword & Sandal', 'Tragedy', 'Action', 'Drama']","['United States', 'New Zealand']","['English', 'Japanese', 'Spanish', 'Danish']","['Warner Bros.', 'The Bedford Falls Company', 'Cruise/Wagner Productions']","$140,000,000 (estimated)","$454,627,263"
153,The Expendables,2010,A,1h 43m,6.4,Sylvester Stallone,0,"['Action', 'Adventure', 'Thriller']","['United States', 'Bulgaria']","['English', 'Spanish']","['Lionsgate', 'Millennium Films', 'Nu Image Entertainment GmbH']","$80,000,000 (estimated)","$274,470,394"
154,The Aviator,2004,UA,2h 50m,7.5,Martin Scorsese,0,"['Docudrama', 'Epic', 'Period Drama', 'Biography', 'Drama']","['United States', 'Germany']","['English', 'Persian']","['Forward Pass', 'Appian Way', 'IMF Internationale Medien und Film GmbH & Co. 3. Produktions KG']","$110,000,000 (estimated)","$213,719,942"
155,Million Dollar Baby,2004,UA,2h 12m,8.1,Clint Eastwood,0,"['Boxing', 'Tragedy', 'Drama', 'Sport']","['United States', 'Color']","['English', 'Irish Gaelic', 'German']","['Warner Bros.', 'Lakeshore Entertainment', 'Malpaso Productions']","$30,000,000 (estimated)","$216,763,646"
156,The Book of Eli,2010,A,1h 58m,6.8,Albert Hughes,0,"['Action Epic', 'Adventure Epic', 'Contemporary Western', 'Desert Adventure', 'One-Person Army Action', 'Quest', 'Road Trip', 'Action', 'Adventure', 'Drama']","['United States', 'Color']",['English'],"['Alcon Entertainment', 'Silver Pictures']","$80,000,000 (estimated)","$157,107,755"
157,The Expendables 2,2012,A,1h 43m,6.6,Simon West,0,"['Action', 'Adventure', 'Thriller']","['United States', 'Germany']",['English'],"['Lionsgate', 'Millennium Films', 'Nu Image Entertainment GmbH']","$100,000,000 (estimated)","$314,975,955"
158,The Talented Mr. Ripley,1999,UA 16+,2h 19m,7.4,Anthony Minghella,5,"['Psychological Thriller', 'Crime', 'Drama', 'Thriller']","['United States', 'Color']","['English', 'Italian']","['Miramax', 'Paramount Pictures', 'Mirage Enterprises']","$40,000,000 (estimated)","$138,031,432"
159,Man on Fire,2004,UA,2h 26m,7.7,Tony Scott,0,"['Tragedy', 'Action', 'Crime', 'Drama', 'Thriller']","['Switzerland', 'United Kingdom']","['English', 'Spanish']","['Fox 2000 Pictures', 'Regency Enterprises', 'New Regency Productions']","$70,000,000 (estimated)","$130,834,852"
160,Rear Window,1954,U,1h 52m,8.5,Alfred Hitchcock,4,"['Psychological Thriller', 'Suspense Mystery', 'Drama', 'Mystery', 'Thriller']","['United States', 'Color']",[],[],"$1,000,000 (estimated)",La ventana indiscreta
161,Psycho,1960,A,1h 49m,8.5,Alfred Hitchcock,4,"['Dark Comedy', 'Psychological Horror', 'Psychological Thriller', 'Slasher Horror', 'Suspense Mystery', 'Horror', 'Mystery', 'Thriller']","['United States', 'Black and White']",[],[],"$806,947 (estimated)",साइको
162,Vertigo,1958,A,2h 8m,8.3,Alfred Hitchcock,0,"['Psychological Thriller', 'Tragedy', 'Mystery', 'Romance', 'Thriller']","['United States', 'Color']",['English'],['Alfred J. Hitchcock Productions'],"$2,479,000 (estimated)","$7,968,347"
163,Alfred Hitchcock Presents,,1955–1962,,8.5,Alfred Hitchcock,0,"['Suspense Mystery', 'Crime', 'Drama', 'Mystery', 'Thriller']","['United States', 'Black and White']",[],[],,Alfred Hitchcock präsentiert
164,The Birds,1963,A,1h 59m,7.6,Alfred Hitchcock,0,"['Survival', 'Drama', 'Horror', 'Mystery', 'Romance']","['United States', 'Color']",[],[],"$2,500,000 (estimated)",Los pájaros
165,Marnie,1964,A,2h 10m,7.1,Alfred Hitchcock,0,"['Psychological Drama', 'Psychological Thriller', 'Crime', 'Drama', 'Mystery', 'Romance', 'Thriller']","['United States', 'Color']",[],[],"$3,000,000 (estimated)",Alfred Hitchcock's Marnie
166,Frenzy,1972,A,1h 56m,7.4,Alfred Hitchcock,0,"['Dark Comedy', 'Psychological Thriller', 'Drama', 'Thriller']","['United States', 'United Kingdom']",[],[],"$2,000,000 (estimated)",Frenesí
167,Torn Curtain,1966,U,2h 8m,6.6,Alfred Hitchcock,0,"['Spy', 'Drama', 'Romance', 'Thriller']","['United States', 'Color']","['English', 'German', 'Swedish', 'Norwegian', 'Danish', 'French']",['Alfred J. Hitchcock Productions'],"$6,000,000 (estimated)",
168,The Trouble with Harry,1955,A,1h 39m,7.0,Alfred Hitchcock,2,"['Dark Comedy', 'Whodunnit', 'Comedy', 'Mystery']","['United States', 'Color']",[],[],"$1,200,000 (estimated)",Alfred Hitchcock's The Trouble with Harry
169,Topaz,1969,A,2h 23m,6.2,Alfred Hitchcock,0,"['Spy', 'Drama', 'Thriller']","['United States', 'Color']","['English', 'Spanish', 'French', 'Russian']",['Alfred J. Hitchcock Productions'],"$4,000,000 (estimated)",
170,Inside Out 2,2024,Not Rated,1h 36m,7.5,Kelsey Mann,0,"['Coming-of-Age', 'Computer Animation', 'Quest', 'Teen Comedy', 'Teen Drama', 'Adventure', 'Animation', 'Comedy', 'Drama', 'Family']","['United States', 'Color']","['English', 'French', 'Spanish']","['Walt Disney Pictures', 'Pixar Animation Studios', 'Hurwitz Creative']","$200,000,000 (estimated)","$1,698,863,816"
171,Incredibles 2,2018,UA,1h 58m,7.5,Brad Bird,1,"['Computer Animation', 'Superhero', 'Urban Adventure', 'Action', 'Adventure', 'Animation', 'Comedy', 'Family', 'Fantasy', 'Sci-Fi']","['United States', 'Japan']",['English'],"['Walt Disney Pictures', 'Pixar Animation Studios']","$200,000,000 (estimated)","$1,243,225,667"
172,Finding Dory,2016,U,1h 37m,7.2,Andrew Stanton,0,"['Animal Adventure', 'Computer Animation', 'Sea Adventure', 'Adventure', 'Animation', 'Comedy', 'Family', 'Fantasy']","['United States', 'Color']","['English', 'Indonesian']","['Pixar Animation Studios', 'Walt Disney Pictures']","$200,000,000 (estimated)","$1,029,266,989"
173,Toy Story 4,2019,U,1h 40m,7.6,Josh Cooley,0,"['Computer Animation', 'Road Trip', 'Supernatural Fantasy', 'Urban Adventure', 'Adventure', 'Animation', 'Comedy', 'Family', 'Fantasy']","['United States', 'Color']",['English'],"['Walt Disney Pictures', 'Pixar Animation Studios']","$200,000,000 (estimated)","$1,073,841,394"
174,Toy Story 3,2010,U,1h 43m,8.3,Lee Unkrich,0,"['Computer Animation', 'Supernatural Fantasy', 'Urban Adventure', 'Adventure', 'Animation', 'Comedy', 'Family', 'Fantasy']","['United States', 'Color']","['English', 'Spanish']","['Walt Disney Pictures', 'Pixar Animation Studios']","$200,000,000 (estimated)","$1,067,316,101"
175,Finding Nemo,2003,U,1h 40m,8.2,Andrew Stanton,0,"['Animal Adventure', 'Buddy Comedy', 'Computer Animation', 'Quest', 'Sea Adventure', 'Adventure', 'Animation', 'Comedy', 'Family']","['United States', 'Japan']","['English', 'Japanese', 'Russian']","['Walt Disney Pictures', 'Pixar Animation Studios']","$94,000,000 (estimated)","$941,637,960"
176,The Jungle Book,2016,UA,1h 46m,7.3,Jon Favreau,0,"['Animal Adventure', 'Computer Animation', 'Jungle Adventure', 'Quest', 'Action', 'Adventure', 'Animation', 'Drama', 'Family', 'Fantasy']","['United Kingdom', 'United States']",['English'],"['Walt Disney Pictures', 'Fairview Entertainment', 'Moving Picture Company (MPC)']","$175,000,000 (estimated)","$967,724,775"
177,Inside Out,2015,U,1h 35m,8.1,Pete Docter,0,"['Coming-of-Age', 'Computer Animation', 'Adventure', 'Animation', 'Comedy', 'Drama', 'Family', 'Fantasy']","['United States', 'Color']","['English', 'Portuguese', 'Latvian']","['Pixar Animation Studios', 'Walt Disney Pictures']","$175,000,000 (estimated)","$859,076,254"
178,Up,2009,U,1h 36m,8.3,Pete Docter,0,"['Coming-of-Age', 'Computer Animation', 'Globetrotting Adventure', 'Adventure', 'Animation', 'Comedy', 'Drama', 'Family']","['United States', 'Color']",['English'],"['Walt Disney Pictures', 'Pixar Animation Studios']","$175,000,000 (estimated)","$735,102,136"
179,"Monsters, Inc.",2001,U,1h 32m,8.1,Pete Docter,0,"['Buddy Comedy', 'Computer Animation', 'Satire', 'Slapstick', 'Supernatural Fantasy', 'Urban Adventure', 'Adventure', 'Animation', 'Comedy', 'Family']","['United States', 'Color']",['English'],"['Walt Disney Pictures', 'Pixar Animation Studios']","$115,000,000 (estimated)","$579,770,299"
180,Avengers: Endgame,2019,UA,3h 1m,8.4,Anthony Russo,0,"['Space Sci-Fi', 'Superhero', 'Time Travel', 'Tragedy', 'Action', 'Adventure', 'Sci-Fi']","['United States', 'Dolby Atmos']","['English', 'Japanese', 'Xhosa', 'German']",['Marvel Studios'],"$356,000,000 (estimated)","$2,799,439,100"
181,Spider-Man: No Way Home,2021,UA,2h 28m,8.2,Jon Watts,0,"['Superhero', 'Supernatural Fantasy', 'Urban Adventure', 'Action', 'Adventure', 'Fantasy', 'Sci-Fi']","['United States', 'Color']","['English', 'Tagalog']","['Columbia Pictures', 'Pascal Pictures', 'Marvel Studios']","$200,000,000 (estimated)","$1,952,732,181"
182,Black Panther,2018,UA,2h 14m,7.3,Ryan Coogler,0,"['Superhero', 'Action', 'Adventure', 'Sci-Fi']","['United States', 'Dolby Atmos']","['English', 'Swahili', 'Nama', 'Xhosa', 'Korean']",['Marvel Studios'],"$200,000,000 (estimated)","$1,349,926,083"
183,Avengers: Infinity War,2018,UA,2h 29m,8.4,Anthony Russo,0,"['Space Sci-Fi', 'Superhero', 'Action', 'Adventure', 'Sci-Fi']","['United States', 'Norway']",['English'],"['Marvel Studios', 'Jason Roberts Productions', 'South Pictures']","$321,000,000 (estimated)","$2,052,415,039"
184,Deadpool & Wolverine,2024,A,2h 8m,7.6,Shawn Levy,0,"['Buddy Comedy', 'Dark Comedy', 'Raunchy Comedy', 'Superhero', 'Action', 'Adventure', 'Comedy', 'Sci-Fi']","['United States', 'United Kingdom']","['English', 'French', 'Spanish']","['Marvel Studios', '20th Century Studios', 'Maximum Effort']","$200,000,000 (estimated)","$1,338,073,645"
185,The Avengers,2012,UA,2h 23m,8.0,Joss Whedon,0,"['Action Epic', 'Alien Invasion', 'Superhero', 'Action', 'Sci-Fi']","['United States', 'Color']","['English', 'Russian']","['Marvel Studios', 'Paramount Pictures']","$220,000,000 (estimated)","$1,520,538,536"
186,Avengers: Age of Ultron,2015,UA,2h 21m,7.3,Joss Whedon,0,"['Artificial Intelligence', 'Superhero', 'Urban Adventure', 'Action', 'Adventure', 'Sci-Fi']","['United States', 'Color']","['English', 'Korean']",['Marvel Studios'],"$250,000,000 (estimated)","$1,405,018,048"
187,Black Panther: Wakanda Forever,2022,UA,2h 41m,6.6,Ryan Coogler,0,"['Superhero', 'Action', 'Adventure', 'Drama', 'Sci-Fi']","['United States', 'IMAX 6-Track']","['English', 'Xhosa', 'Maya', 'Spanish', 'Haitian', 'French']",['Marvel Studios'],"$250,000,000 (estimated)","$859,208,836"
188,Captain Marvel,2019,UA,2h 3m,6.8,Anna Boden,0,"['Quest', 'Space Sci-Fi', 'Superhero', 'Action', 'Adventure', 'Sci-Fi']","['United States', 'Australia']",['English'],"['Marvel Studios', 'Animal Logic']","$160,000,000 (estimated)","$1,131,416,446"
189,Doctor Strange in the Multiverse of Madness,2022,UA,2h 6m,6.9,Sam Raimi,0,"['Dark Fantasy', 'Superhero', 'Action', 'Adventure', 'Fantasy', 'Sci-Fi']","['United States', 'Color']","['English', 'Spanish', 'Chinese']",['Marvel Studios'],"$414,900,000 (estimated)","$955,775,804"
